5909,"Sherill Williams"
1584,"Farnell Taylor"
16100,"Marley James"
19390,"Liberty Adams"
28531,"LeAnn Rivera"
11525,"Liliana Kelly"
27371,"Silver Morris"
25852,"Devona Johnson"
6806,"Kolton Stewart"
4723,"Gildas Brooks"
31592,"Kiandra Ross"
18684,"Dunn Bennett"
31155,"Crandall Ramirez"
8812,"Kimber Diaz"
17815,"Kennice Ross"
5550,"Palmer Young"
7979,"Meldon Peterson"
14817,"Elwood Roberts"
5510,"Githa Evans"
1290,"Maxwell Russell"
32669,"Kody Mitchell"
30005,"Lanna Miller"
29867,"Primrose Cooper"
9700,"Churchill Johnson"
22032,"Heathcliff Nelson"
11877,"Maverick Ross"
21350,"Flint Watson"
18951,"Laurel Thompson"
25572,"Norina Cox"
4866,"Newbury Johnson"
21607,"Kady Reed"
13220,"Aldo Watson"
25930,"Melbourne Young"
22090,"Ned Wright"
20059,"Dathan Kelly"
7444,"Manhattan Washington"
17024,"Kolby Evans"
10415,"Brant Bryant"
19724,"Ellis Clark"
18843,"Storm Murphy"
26377,"Hoyt Adams"
28782,"Landry Russell"
13015,"Shelbi Bryant"
3676,"Maverick White"
12395,"Darnell Jackson"
468,"Kolton Torres"
19167,"Madison Jenkins"
4769,"Keaton Thomas"
30388,"Ethelwolf Barnes"
7882,"Colson Collins"
18528,"Nelda Barnes"
1893,"Polly Kelly"
17280,"Langden Gonzales"
3722,"Brice Bryant"
22377,"Knightley Cook"
8670,"Myles Reed"
4483,"Kelvin King"
6401,"Everest Griffin"
30125,"Bayard Williams"
16654,"Ofa Flores"
22942,"Flint Kelly"
8421,"Corky Anderson"
281,"Broderick Brown"
1940,"Giselle Jenkins"
15883,"Matheson Gonzales"
18372,"Linne Collins"
25521,"Adney Edwards"
9066,"Matheson Henderson"
21520,"Lyndsay Price"
10371,"Errol Johnson"
21292,"Markham Flores"
30330,"Griffin Murphy"
27859,"Denver Jackson"
19433,"Audie Hernandez"
7679,"Fitz Howard"
3888,"Broderick Gonzalez"
16991,"Balder Wright"
26192,"Bryce Diaz"
30071,"Kenneth Torres"
21564,"Lake Richardson"
25477,"Kell King"
16582,"Amarie James"
21329,"Anson Gonzalez"
17691,"Lillian Harris"
19105,"Gifford Murphy"
19714,"Everest Hernandez"
28706,"Millicent Kelly"
22208,"Bronson Morris"
32479,"Dwyer Reed"
11390,"Merrick Gonzales"
2961,"Anson Johnson"
10624,"Everest Robinson"
13057,"Morrison Garcia"
3071,"Grand Gray"
28668,"Farold Perry"
17957,"Devon Butler"
28502,"Cabal Ward"
11075,"Kordell Morris"
20559,"Queena Sanders"
26790,"Lynette Patterson"
7714,"Lyndon Patterson"
10101,"Marston Jenkins"
16016,"Deandre Wood"
20018,"Kennard King"
19356,"Dawson Rogers"
20964,"May Taylor"
6801,"Lusk Watson"
30614,"Jaxon Cooper"
28809,"Nile Butler"
18489,"Massey Jenkins"
24445,"Richelle Powell"
11058,"Millicent Rivera"
9096,"Flint Collins"
8561,"Cleavant Miller"
23943,"Kenda Reed"
6360,"Niki Sanchez"
19858,"Sheryl Diaz"
15356,"Kipp White"
15601,"Ellen Bell"
28935,"Selby Taylor"
22432,"Leanore Thompson"
3313,"Geary Patterson"
9354,"Bedegrayne Wilson"
10130,"Allaya Adams"
7410,"Bardalph Sanders"
10669,"Keaton Patterson"
17273,"Ripley Kelly"
24789,"Shae Watson"
23532,"Christy Lewis"
22489,"Ethelbert Kelly"
8153,"Lynley Morgan"
5917,"Salal Gray"
5633,"Quinci Clark"
3281,"Ashland Henderson"
13851,"Katiuscia Edwards"
15377,"Gamel Lopez"
567,"Shelbi Sanders"
1312,"Gig Sanders"
31102,"Ethelwolf Powell"
30907,"Heathcliff Adams"
12914,"Ladawn Perry"
30859,"Ayers Bailey"
26165,"Rea Patterson"
13990,"Howard Lewis"
19711,"Ballentine Howard"
24670,"Spring Bryant"
1528,"Duff Clark"
4497,"Laney Alexander"
11894,"Dailan Price"
22308,"Cabal Butler"
30865,"Serenity Hernandez"
13146,"Aldo Reed"
28240,"Haiden Lopez"
24391,"Rea Thompson"
4359,"Gaines Clark"
4401,"Haiden Hernandez"
748,"Mykala Brown"
5886,"Kempley Kelly"
12608,"Lexis Scott"
8687,"Princell Simmons"
3692,"Howe Flores"
14779,"Polly Ramirez"
7083,"Herring Edwards"
6321,"Carol Price"
10337,"Deandre Green"
18529,"LeAnn Howard"
5425,"Petunia Morgan"
5815,"Ethelwolf Taylor"
27476,"Massey Evans"
8567,"Elgin Murphy"
5794,"Shelbi Turner"
18547,"Quella Jenkins"
17021,"Kaela Ramirez"
17461,"Curio Jackson"
16021,"Mayer Bennett"
24339,"Farold Hughes"
9914,"Shirlyn Thompson"
28130,"Halston Miller"
23186,"Laquetta Wright"
15507,"Brant Coleman"
9142,"Ellen Martin"
12777,"Rowan Taylor"
12895,"Lathrop Ward"
1224,"Laurel Thompson"
24390,"Kell Hall"
27773,"Northrop Miller"
10443,"Blaan Martinez"
14009,"Shandy Thompson"
31689,"Clachas Gonzales"
9451,"Katiuscia Barnes"
14629,"Dyson Johnson"
27447,"Rayelle Parker"
21470,"Rumer Cox"
22415,"Kolby Bailey"
27216,"Dickinson Scott"
30902,"Lynna Rogers"
23777,"Falstaff Parker"
19845,"Ewing Henderson"
3654,"Langley Gray"
1182,"Daelen Peterson"
